input_len,output_len,concurrency,repetitions,completed_total,failed_total,request_throughput_median,request_throughput_min,request_throughput_max,output_throughput_median,output_throughput_min,output_throughput_max,p50_ttft_ms_median,p50_ttft_ms_min,p50_ttft_ms_max,p95_ttft_ms_median,p95_ttft_ms_min,p95_ttft_ms_max,p99_ttft_ms_median,p99_ttft_ms_min,p99_ttft_ms_max,p99_tpot_ms_median,p99_tpot_ms_min,p99_tpot_ms_max,p99_itl_ms_median,p99_itl_ms_min,p99_itl_ms_max,p99_e2el_ms_median,p99_e2el_ms_min,p99_e2el_ms_max,throughput_gain_vs_c1_pct,throughput_gain_vs_previous_pct
128,32,1,1,12,0,4.760757436361346,4.760757436361346,4.760757436361346,152.34423796356307,152.34423796356307,152.34423796356307,14.543646502716001,14.543646502716001,14.543646502716001,19.163098705030276,19.163098705030276,19.163098705030276,19.81445974568487,19.81445974568487,19.81445974568487,6.446609550316239,6.446609550316239,6.446609550316239,8.337927592510823,8.337927592510823,8.337927592510823,213.86910884815734,213.86910884815734,213.86910884815734,0.0,
128,32,8,1,12,0,23.032890436396496,23.032890436396496,23.032890436396496,737.0524939646879,737.0524939646879,737.0524939646879,61.97553500533104,61.97553500533104,61.97553500533104,63.68388005066664,63.68388005066664,63.68388005066664,63.71078561525792,63.71078561525792,63.71078561525792,7.345272425854121,7.345272425854121,7.345272425854121,9.359132913232326,9.359132913232326,9.359132913232326,278.2461387712101,278.2461387712101,278.2461387712101,383.80726689576034,383.80726689576034
128,32,32,1,12,0,37.93905097040049,37.93905097040049,37.93905097040049,1214.0496310528156,1214.0496310528156,1214.0496310528156,85.78319950174773,85.78319950174773,85.78319950174773,87.52950479611172,87.52950479611172,87.52950479611172,87.6109681573871,87.6109681573871,87.6109681573871,8.47390343783416,8.47390343783416,8.47390343783416,8.991382538806647,8.991382538806647,8.991382538806647,315.6248733254324,315.6248733254324,315.6248733254324,696.9120770706049,64.71684730653399
512,128,1,5,640,0,1.1010369932669115,1.0977437511419106,1.1526947618994037,140.93273513816467,140.51120014616455,147.54492952312367,29.79918300115969,29.45792899845401,30.26686399243772,32.296864750242094,31.719313739449717,33.16267614645767,34.122204088489525,32.36434866703348,35.96728565913509,7.108246039178206,7.072550159661094,11.039136449239681,9.019768303551249,8.9004154491704,9.532260095875246,932.5571928084537,929.2701632602257,1433.857183343936,0.0,
512,128,2,5,640,0,2.0185802039796368,2.0110587771161446,2.0376128881331637,258.3782661093935,257.4155234708665,260.81444968104495,47.592215007171035,45.01699899992673,48.18505400180584,53.21114284961368,52.766805405553896,53.858169998420635,55.033998976578005,54.29707417672035,55.38901775071282,7.660804778554267,7.62798687172609,7.666334103294245,9.121356801915685,9.022027700120823,9.206654944864571,1007.2518407352618,1005.8014420131805,1009.2774070012092,83.33445799947758,83.33445799947758
512,128,4,5,640,0,3.5849512362516283,3.568970464131113,3.7539593718481368,458.8737582402084,456.82821940878245,480.5067995965615,91.57226900424575,81.30545949825319,93.7413790015853,98.82744570641078,96.19954434892861,99.76379024956259,101.15309264307143,99.50372902516392,104.0614520109375,8.601159145333712,8.58260656804842,8.6203568257512,9.828217254835181,9.519578551407905,10.067491100926425,1134.6917704508814,1129.8049102003279,1137.6100512762787,225.59770999288946,77.59766142479185
512,128,8,5,640,0,5.763664722266646,5.673327455974761,5.875111383644442,737.7490844501307,726.1859143647694,752.0142571064886,119.20542200095952,113.59240800811676,140.01229199493537,184.55725529420306,175.32411795036742,187.7974669507238,197.51726159185637,186.7020121270616,205.44326505885692,10.767934040978137,10.671333677410864,11.523546942294985,18.58963554841467,18.276168748707594,27.066830206604216,1450.1348013938696,1414.5696051714185,1556.8777294363827,423.47602828176986,60.77386671214664
512,128,16,5,640,0,8.693705674467445,8.671153274739492,8.818690007291174,1112.794326331833,1109.907619166655,1128.7923209332703,208.66386099078227,205.84217298892327,212.5304649962345,307.7850526031398,301.87305354120326,311.96670175049803,380.3223070455715,374.0124921669485,381.68570886264206,14.134422962193552,14.05857835739565,14.209638108318538,71.59244614595083,70.11169685356435,72.15593659711885,1933.5690221501864,1925.4058827194967,1963.2209610554855,689.5925139329021,50.83642254347711
512,128,32,5,640,0,10.93861966252538,10.916605997120891,10.963405430416405,1400.1433168032486,1397.325567631474,1403.3158950932998,285.30509900156176,283.1032675021561,290.1761940011056,699.965479299135,673.1873132048349,703.899307550455,781.9214019841456,775.2213496087643,788.3996606024448,22.21271297466111,22.188654339733198,22.36093632248391,97.86045454384293,97.11151595183765,98.35913729912139,3376.327656599169,3360.2191885536013,3398.426955995965,893.4833915134093,25.822291116330586
